student_id,A_s,U,L,Q,lambda,path_kids,path_names
S0001,0.9003328776550006,31.401889896640878,-26.601889896640877,26.601889897640877,0.22052547545143458,17->16->6->3->11->12->9->13->15->7->4->5->2->1->14->10->8,集合与逻辑->复数->函数概念与性质->三角函数->对数函数->立体几何初步->平面向量及其应用->幂函数->计数原理->概率->数列->空间向量与立体几何->平面解析几何->一元函数导数及其应用->函数应用->指数函数->统计
S0002,0.6956266915929034,31.101779222176262,-26.701779222176263,26.701779223176263,0.2585448641728462,17->16->12->6->3->8->11->9->5->1->2->4->15->13->7->10->14,集合与逻辑->复数->立体几何初步->函数概念与性质->三角函数->统计->对数函数->平面向量及其应用->空间向量与立体几何->一元函数导数及其应用->平面解析几何->数列->计数原理->幂函数->概率->指数函数->函数应用
S0003,1.3927653347567108,32.05827045497036,-27.658270454970364,27.658270455970364,0.16745771413798471,17->16->12->8->6->3->10->13->14->9->1->2->4->5->15->7->11,集合与逻辑->复数->立体几何初步->统计->函数概念与性质->三角函数->指数函数->幂函数->函数应用->平面向量及其应用->一元函数导数及其应用->平面解析几何->数列->空间向量与立体几何->计数原理->概率->对数函数
S0004,1.4808551966527783,34.72691321733293,-29.926913217332928,29.926913218332928,0.15784488042612452,17->16->12->15->7->8->6->3->10->13->9->11->2->4->5->1->14,集合与逻辑->复数->立体几何初步->计数原理->概率->统计->函数概念与性质->三角函数->指数函数->幂函数->平面向量及其应用->对数函数->平面解析几何->数列->空间向量与立体几何->一元函数导数及其应用->函数应用
S0005,1.1917783528387431,33.919360913874534,-29.119360913874534,29.119360914874534,0.2354285032909984,17->16->6->1->4->3->12->15->9->13->2->5->11->8->7->10->14,集合与逻辑->复数->函数概念与性质->一元函数导数及其应用->数列->三角函数->立体几何初步->计数原理->平面向量及其应用->幂函数->平面解析几何->空间向量与立体几何->对数函数->统计->概率->指数函数->函数应用
S0006,1.011926930208597,23.239125842749715,-18.039125842749716,18.039125843749716,0.16643378320662194,17->16->12->8->6->13->14->15->4->3->9->10->1->2->5->7->11,集合与逻辑->复数->立体几何初步->统计->函数概念与性质->幂函数->函数应用->计数原理->数列->三角函数->平面向量及其应用->指数函数->一元函数导数及其应用->平面解析几何->空间向量与立体几何->概率->对数函数
S0007,0.6707593146359103,26.815909545409795,-21.615909545409796,21.615909546409796,0.20700430835605177,17->16->12->8->6->3->1->14->13->10->15->7->11->9->2->4->5,集合与逻辑->复数->立体几何初步->统计->函数概念与性质->三角函数->一元函数导数及其应用->函数应用->幂函数->指数函数->计数原理->概率->对数函数->平面向量及其应用->平面解析几何->数列->空间向量与立体几何
S0008,1.1594598571875483,31.094452565857125,-26.294452565857124,26.294452566857125,0.205448843986722,17->16->12->6->1->4->3->10->9->13->15->7->11->8->5->2->14,集合与逻辑->复数->立体几何初步->函数概念与性质->一元函数导数及其应用->数列->三角函数->指数函数->平面向量及其应用->幂函数->计数原理->概率->对数函数->统计->空间向量与立体几何->平面解析几何->函数应用
S0009,0.9203448204965968,31.740401424598993,-26.940401424598992,26.940401425598992,0.2271832599906693,17->16->12->8->6->3->9->5->2->4->1->13->15->7->11->14->10,集合与逻辑->复数->立体几何初步->统计->函数概念与性质->三角函数->平面向量及其应用->空间向量与立体几何->平面解析几何->数列->一元函数导数及其应用->幂函数->计数原理->概率->对数函数->函数应用->指数函数
S0010,1.0065495884640936,30.242465010714564,-25.442465010714564,25.442465011714564,0.21244579945821168,17->16->12->8->6->1->3->15->13->10->14->9->11->5->2->4->7,集合与逻辑->复数->立体几何初步->统计->函数概念与性质->一元函数导数及其应用->三角函数->计数原理->幂函数->指数函数->函数应用->平面向量及其应用->对数函数->空间向量与立体几何->平面解析几何->数列->概率
S0011,1.259314636766214,34.03795708966003,-29.637957089660034,29.637957090660034,0.21732761734863984,17->16->12->15->7->8->6->3->4->1->11->9->2->5->14->10->13,集合与逻辑->复数->立体几何初步->计数原理->概率->统计->函数概念与性质->三角函数->数列->一元函数导数及其应用->对数函数->平面向量及其应用->平面解析几何->空间向量与立体几何->函数应用->指数函数->幂函数
S0012,1.063783541095551,32.58422627059715,-28.18422627059715,28.18422627159715,0.22526978372223436,17->16->12->15->7->6->3->9->4->1->2->5->11->14->13->10->8,集合与逻辑->复数->立体几何初步->计数原理->概率->函数概念与性质->三角函数->平面向量及其应用->数列->一元函数导数及其应用->平面解析几何->空间向量与立体几何->对数函数->函数应用->幂函数->指数函数->统计
S0013,0.9892821356359902,30.41432253251051,-25.61432253251051,25.61432253351051,0.21907847213035397,17->16->8->12->15->7->6->3->10->13->11->9->5->4->1->2->14,集合与逻辑->复数->统计->立体几何初步->计数原理->概率->函数概念与性质->三角函数->指数函数->幂函数->对数函数->平面向量及其应用->空间向量与立体几何->数列->一元函数导数及其应用->平面解析几何->函数应用
S0014,0.7816507995281229,33.090751725640416,-27.890751725640417,27.890751726640417,0.2506262500917976,17->16->12->8->6->3->1->11->13->14->9->5->2->4->10->15->7,集合与逻辑->复数->立体几何初步->统计->函数概念与性质->三角函数->一元函数导数及其应用->对数函数->幂函数->函数应用->平面向量及其应用->空间向量与立体几何->平面解析几何->数列->指数函数->计数原理->概率
S0015,1.551717628590754,26.703481675697432,-22.303481675697434,22.303481676697434,0.13169458521799446,17->16->12->8->15->7->6->3->13->10->9->14->11->2->1->4->5,集合与逻辑->复数->立体几何初步->统计->计数原理->概率->函数概念与性质->三角函数->幂函数->指数函数->平面向量及其应用->函数应用->对数函数->平面解析几何->一元函数导数及其应用->数列->空间向量与立体几何
S0016,0.9059131271649932,30.074506389150116,-24.874506389150117,24.874506390150117,0.23046980983792587,17->16->12->8->15->7->6->1->4->3->13->10->14->9->2->5->11,集合与逻辑->复数->立体几何初步->统计->计数原理->概率->函数概念与性质->一元函数导数及其应用->数列->三角函数->幂函数->指数函数->函数应用->平面向量及其应用->平面解析几何->空间向量与立体几何->对数函数
S0017,0.7067879570574308,26.59434121746237,-21.394341217462372,21.394341218462372,0.21080518085152328,17->16->12->8->6->3->4->15->13->10->14->9->11->7->2->5->1,集合与逻辑->复数->立体几何初步->统计->函数概念与性质->三角函数->数列->计数原理->幂函数->指数函数->函数应用->平面向量及其应用->对数函数->概率->平面解析几何->空间向量与立体几何->一元函数导数及其应用
S0018,1.312803590037367,35.9326533672339,-31.132653367233896,31.132653368233896,0.20834829194957222,17->16->12->6->3->1->4->15->13->10->14->9->7->5->2->8->11,集合与逻辑->复数->立体几何初步->函数概念与性质->三角函数->一元函数导数及其应用->数列->计数原理->幂函数->指数函数->函数应用->平面向量及其应用->概率->空间向量与立体几何->平面解析几何->统计->对数函数
S0019,1.0014351295483397,32.07524717127153,-27.275247171271527,27.275247172271527,0.20704780409747772,17->16->12->8->6->3->10->11->9->13->4->1->2->5->14->15->7,集合与逻辑->复数->立体几何初步->统计->函数概念与性质->三角函数->指数函数->对数函数->平面向量及其应用->幂函数->数列->一元函数导数及其应用->平面解析几何->空间向量与立体几何->函数应用->计数原理->概率
S0020,0.9866216516444684,32.0301830488099,-27.230183048809902,27.230183049809902,0.23037672071445142,17->16->12->6->3->9->2->5->4->1->14->10->15->7->8->11->13,集合与逻辑->复数->立体几何初步->函数概念与性质->三角函数->平面向量及其应用->平面解析几何->空间向量与立体几何->数列->一元函数导数及其应用->函数应用->指数函数->计数原理->概率->统计->对数函数->幂函数
S0021,1.0070442886930568,31.590690223027565,-26.790690223027564,26.790690224027564,0.22813286511582004,17->16->12->8->6->3->1->4->10->9->5->2->11->14->15->7->13,集合与逻辑->复数->立体几何初步->统计->函数概念与性质->三角函数->一元函数导数及其应用->数列->指数函数->平面向量及其应用->空间向量与立体几何->平面解析几何->对数函数->函数应用->计数原理->概率->幂函数
S0022,0.5925979150382958,27.965062966430885,-23.165062966430884,23.165062967430885,0.25486277139947977,17->16->12->8->6->4->3->10->9->1->2->5->11->14->15->13->7,集合与逻辑->复数->立体几何初步->统计->函数概念与性质->数列->三角函数->指数函数->平面向量及其应用->一元函数导数及其应用->平面解析几何->空间向量与立体几何->对数函数->函数应用->计数原理->幂函数->概率
S0023,0.8803194304996997,29.9632256508985,-25.563225650898502,25.563225651898502,0.20651431550187946,17->16->12->8->6->3->13->10->14->9->5->2->1->4->15->7->11,集合与逻辑->复数->立体几何初步->统计->函数概念与性质->三角函数->幂函数->指数函数->函数应用->平面向量及其应用->空间向量与立体几何->平面解析几何->一元函数导数及其应用->数列->计数原理->概率->对数函数
S0024,1.2555759857094655,27.382348925979493,-21.78234892597949,21.78234892697949,0.15914504782031874,17->16->12->8->6->13->10->11->4->3->9->5->2->1->14->15->7,集合与逻辑->复数->立体几何初步->统计->函数概念与性质->幂函数->指数函数->对数函数->数列->三角函数->平面向量及其应用->空间向量与立体几何->平面解析几何->一元函数导数及其应用->函数应用->计数原理->概率
S0025,0.9666268879832128,31.347064470335013,-26.547064470335012,26.547064471335013,0.21790008666224447,17->16->12->8->6->3->1->4->15->7->10->14->9->2->5->11->13,集合与逻辑->复数->立体几何初步->统计->函数概念与性质->三角函数->一元函数导数及其应用->数列->计数原理->概率->指数函数->函数应用->平面向量及其应用->平面解析几何->空间向量与立体几何->对数函数->幂函数
S0026,1.098912469725765,31.989896097040507,-27.58989609704051,27.58989609804051,0.18114323928989398,17->16->12->15->7->6->3->4->9->13->10->2->1->5->11->8->14,集合与逻辑->复数->立体几何初步->计数原理->概率->函数概念与性质->三角函数->数列->平面向量及其应用->幂函数->指数函数->平面解析几何->一元函数导数及其应用->空间向量与立体几何->对数函数->统计->函数应用
S0027,1.2360695017178367,33.09041732390276,-28.290417323902762,28.290417324902762,0.22578917926236952,17->16->12->6->3->11->13->9->5->2->1->4->15->7->14->10->8,集合与逻辑->复数->立体几何初步->函数概念与性质->三角函数->对数函数->幂函数->平面向量及其应用->空间向量与立体几何->平面解析几何->一元函数导数及其应用->数列->计数原理->概率->函数应用->指数函数->统计
S0028,0.6360953242247647,27.388936908594467,-22.588936908594466,22.588936909594466,0.23610810416811012,17->16->12->6->4->3->8->11->14->13->10->9->5->2->1->15->7,集合与逻辑->复数->立体几何初步->函数概念与性质->数列->三角函数->统计->对数函数->函数应用->幂函数->指数函数->平面向量及其应用->空间向量与立体几何->平面解析几何->一元函数导数及其应用->计数原理->概率
S0029,0.5963588544095961,25.956216183032677,-20.756216183032677,20.756216184032677,0.22710675813445053,17->16->12->8->6->1->4->3->11->13->15->7->9->2->5->14->10,集合与逻辑->复数->立体几何初步->统计->函数概念与性质->一元函数导数及其应用->数列->三角函数->对数函数->幂函数->计数原理->概率->平面向量及其应用->平面解析几何->空间向量与立体几何->函数应用->指数函数
S0030,1.0720959907437653,31.569255187213937,-26.769255187213936,26.769255188213936,0.20976722103973242,17->16->12->6->3->4->1->8->11->15->7->9->5->2->10->14->13,集合与逻辑->复数->立体几何初步->函数概念与性质->三角函数->数列->一元函数导数及其应用->统计->对数函数->计数原理->概率->平面向量及其应用->空间向量与立体几何->平面解析几何->指数函数->函数应用->幂函数
S0031,0.7306066506651112,27.85740480285867,-23.45740480285867,23.45740480385867,0.20231399082232898,17->16->6->11->10->15->12->3->7->9->1->2->4->5->8->14->13,集合与逻辑->复数->函数概念与性质->对数函数->指数函数->计数原理->立体几何初步->三角函数->概率->平面向量及其应用->一元函数导数及其应用->平面解析几何->数列->空间向量与立体几何->统计->函数应用->幂函数
S0032,1.2063443264023028,31.173694274875608,-26.373694274875607,26.373694275875607,0.2032857988200487,17->16->6->3->4->1->11->8->14->10->12->9->2->5->15->7->13,集合与逻辑->复数->函数概念与性质->三角函数->数列->一元函数导数及其应用->对数函数->统计->函数应用->指数函数->立体几何初步->平面向量及其应用->平面解析几何->空间向量与立体几何->计数原理->概率->幂函数
S0033,0.9099510358559268,28.80299310419711,-24.402993104197108,24.40299310519711,0.19123537312506192,17->16->12->6->3->13->9->5->2->1->4->8->10->14->15->7->11,集合与逻辑->复数->立体几何初步->函数概念与性质->三角函数->幂函数->平面向量及其应用->空间向量与立体几何->平面解析几何->一元函数导数及其应用->数列->统计->指数函数->函数应用->计数原理->概率->对数函数
S0034,0.8608822957904291,34.874139792504586,-30.474139792504587,30.474139793504587,0.24981032586621643,17->16->12->6->3->4->11->10->9->5->1->2->8->14->15->7->13,集合与逻辑->复数->立体几何初步->函数概念与性质->三角函数->数列->对数函数->指数函数->平面向量及其应用->空间向量与立体几何->一元函数导数及其应用->平面解析几何->统计->函数应用->计数原理->概率->幂函数
S0035,0.9977773953527974,29.25522663801822,-23.65522663801822,23.65522663901822,0.195754240900897,17->16->12->6->10->3->4->8->9->2->1->5->11->13->14->15->7,集合与逻辑->复数->立体几何初步->函数概念与性质->指数函数->三角函数->数列->统计->平面向量及其应用->平面解析几何->一元函数导数及其应用->空间向量与立体几何->对数函数->幂函数->函数应用->计数原理->概率
S0036,1.0925726421515232,29.731576981085208,-25.331576981085206,25.331576982085206,0.20385371421441323,17->16->8->6->3->13->12->9->10->5->1->2->4->15->7->11->14,集合与逻辑->复数->统计->函数概念与性质->三角函数->幂函数->立体几何初步->平面向量及其应用->指数函数->空间向量与立体几何->一元函数导数及其应用->平面解析几何->数列->计数原理->概率->对数函数->函数应用
S0037,1.2675330075252171,31.02689851917489,-27.02689851917489,27.02689852017489,0.18237703994129312,17->16->12->8->6->3->11->13->9->15->7->4->2->1->5->10->14,集合与逻辑->复数->立体几何初步->统计->函数概念与性质->三角函数->对数函数->幂函数->平面向量及其应用->计数原理->概率->数列->平面解析几何->一元函数导数及其应用->空间向量与立体几何->指数函数->函数应用
S0038,1.193311055739094,33.88891392142714,-28.68891392142714,28.68891392242714,0.20837313676995167,17->16->12->6->3->1->4->10->13->14->15->11->8->7->9->2->5,集合与逻辑->复数->立体几何初步->函数概念与性质->三角函数->一元函数导数及其应用->数列->指数函数->幂函数->函数应用->计数原理->对数函数->统计->概率->平面向量及其应用->平面解析几何->空间向量与立体几何
S0039,1.7281805197350937,29.950407337023247,-24.750407337023248,24.750407338023248,0.14484438634632776,17->16->8->15->7->6->11->3->10->14->12->9->2->4->5->1->13,集合与逻辑->复数->统计->计数原理->概率->函数概念与性质->对数函数->三角函数->指数函数->函数应用->立体几何初步->平面向量及其应用->平面解析几何->数列->空间向量与立体几何->一元函数导数及其应用->幂函数
S0040,0.6909630147262107,27.656436812419454,-23.25643681241945,23.25643681341945,0.20551520807824047,17->16->12->8->15->7->6->3->10->13->14->9->5->4->2->1->11,集合与逻辑->复数->立体几何初步->统计->计数原理->概率->函数概念与性质->三角函数->指数函数->幂函数->函数应用->平面向量及其应用->空间向量与立体几何->数列->平面解析几何->一元函数导数及其应用->对数函数
S0041,0.7525400604035687,28.635657695744246,-23.435657695744247,23.435657696744247,0.20586746546678944,17->16->12->8->6->1->4->11->14->15->7->3->9->2->5->10->13,集合与逻辑->复数->立体几何初步->统计->函数概念与性质->一元函数导数及其应用->数列->对数函数->函数应用->计数原理->概率->三角函数->平面向量及其应用->平面解析几何->空间向量与立体几何->指数函数->幂函数
S0042,0.8485050265903372,27.667392336662108,-23.267392336662105,23.267392337662105,0.20526262029299222,17->16->12->8->15->7->6->3->13->9->14->5->2->1->4->11->10,集合与逻辑->复数->立体几何初步->统计->计数原理->概率->函数概念与性质->三角函数->幂函数->平面向量及其应用->函数应用->空间向量与立体几何->平面解析几何->一元函数导数及其应用->数列->对数函数->指数函数
S0043,0.981786748108636,25.763200958932288,-20.56320095893229,20.56320095993229,0.18693039388177746,17->16->12->8->6->13->10->11->3->9->5->2->1->4->15->7->14,集合与逻辑->复数->立体几何初步->统计->函数概念与性质->幂函数->指数函数->对数函数->三角函数->平面向量及其应用->空间向量与立体几何->平面解析几何->一元函数导数及其应用->数列->计数原理->概率->函数应用
S0044,0.9142377732586509,32.886643445998274,-28.086643445998273,28.086643446998274,0.228501579552779,17->16->12->6->3->8->10->13->15->11->7->14->9->1->2->5->4,集合与逻辑->复数->立体几何初步->函数概念与性质->三角函数->统计->指数函数->幂函数->计数原理->对数函数->概率->函数应用->平面向量及其应用->一元函数导数及其应用->平面解析几何->空间向量与立体几何->数列
S0045,1.0501191248209742,35.79325997435734,-31.393259974357342,31.393259975357342,0.2229497784146165,17->16->12->15->7->8->6->3->1->4->10->14->9->2->5->11->13,集合与逻辑->复数->立体几何初步->计数原理->概率->统计->函数概念与性质->三角函数->一元函数导数及其应用->数列->指数函数->函数应用->平面向量及其应用->平面解析几何->空间向量与立体几何->对数函数->幂函数
S0046,1.730976264175879,30.417537996281872,-26.017537996281874,26.017537997281874,0.14775187794518155,17->16->6->3->10->13->15->12->8->7->11->14->9->2->1->4->5,集合与逻辑->复数->函数概念与性质->三角函数->指数函数->幂函数->计数原理->立体几何初步->统计->概率->对数函数->函数应用->平面向量及其应用->平面解析几何->一元函数导数及其应用->数列->空间向量与立体几何
S0047,1.3069292599564015,32.72699753199671,-28.32699753199671,28.32699753299671,0.20168467772404217,17->16->12->8->6->3->10->9->2->1->4->14->15->7->11->5->13,集合与逻辑->复数->立体几何初步->统计->函数概念与性质->三角函数->指数函数->平面向量及其应用->平面解析几何->一元函数导数及其应用->数列->函数应用->计数原理->概率->对数函数->空间向量与立体几何->幂函数
S0048,0.8238097546260439,30.332219348068268,-25.932219348068266,25.932219349068266,0.2273986272307364,17->16->12->15->7->8->6->3->9->13->5->2->1->4->14->11->10,集合与逻辑->复数->立体几何初步->计数原理->概率->统计->函数概念与性质->三角函数->平面向量及其应用->幂函数->空间向量与立体几何->平面解析几何->一元函数导数及其应用->数列->函数应用->对数函数->指数函数
S0049,0.99718556785432,26.563842519091253,-21.363842519091254,21.363842520091254,0.187335990874828,17->16->6->13->10->3->9->12->8->11->5->2->1->4->14->15->7,集合与逻辑->复数->函数概念与性质->幂函数->指数函数->三角函数->平面向量及其应用->立体几何初步->统计->对数函数->空间向量与立体几何->平面解析几何->一元函数导数及其应用->数列->函数应用->计数原理->概率
S0050,0.8688081741808144,34.14054231312021,-28.940542313120208,28.940542314120208,0.2625031441930106,17->16->12->6->3->1->4->11->8->13->14->15->7->9->2->5->10,集合与逻辑->复数->立体几何初步->函数概念与性质->三角函数->一元函数导数及其应用->数列->对数函数->统计->幂函数->函数应用->计数原理->概率->平面向量及其应用->平面解析几何->空间向量与立体几何->指数函数
S0051,0.9646919496427184,30.900068312549795,-25.700068312549796,25.700068313549796,0.22482061309078344,17->16->12->8->15->7->6->4->1->3->9->2->5->11->13->10->14,集合与逻辑->复数->立体几何初步->统计->计数原理->概率->函数概念与性质->数列->一元函数导数及其应用->三角函数->平面向量及其应用->平面解析几何->空间向量与立体几何->对数函数->幂函数->指数函数->函数应用
S0052,1.3013888861833418,34.541518595169194,-30.141518595169195,30.141518596169195,0.1867709039313347,17->16->8->12->15->7->6->3->13->10->9->4->2->1->5->11->14,集合与逻辑->复数->统计->立体几何初步->计数原理->概率->函数概念与性质->三角函数->幂函数->指数函数->平面向量及其应用->数列->平面解析几何->一元函数导数及其应用->空间向量与立体几何->对数函数->函数应用
S0053,0.919747609203516,28.312461715053015,-23.112461715053016,23.112461716053016,0.2033581385139967,17->16->12->6->4->1->3->11->8->13->14->10->15->7->9->2->5,集合与逻辑->复数->立体几何初步->函数概念与性质->数列->一元函数导数及其应用->三角函数->对数函数->统计->幂函数->函数应用->指数函数->计数原理->概率->平面向量及其应用->平面解析几何->空间向量与立体几何
S0054,1.02475332896244,33.03333921372801,-27.833339213728014,27.833339214728014,0.22198644570205184,17->16->8->12->6->3->4->11->14->13->10->9->2->1->5->15->7,集合与逻辑->复数->统计->立体几何初步->函数概念与性质->三角函数->数列->对数函数->函数应用->幂函数->指数函数->平面向量及其应用->平面解析几何->一元函数导数及其应用->空间向量与立体几何->计数原理->概率
S0055,1.0866907960893906,29.15989745574818,-24.35989745574818,24.35989745674818,0.18923849312489993,17->16->12->8->6->1->3->15->13->10->14->9->11->5->4->2->7,集合与逻辑->复数->立体几何初步->统计->函数概念与性质->一元函数导数及其应用->三角函数->计数原理->幂函数->指数函数->函数应用->平面向量及其应用->对数函数->空间向量与立体几何->数列->平面解析几何->概率
S0056,1.0182447328864035,25.986960635910926,-21.186960635910925,21.186960636910925,0.18433874044319554,17->16->12->6->1->4->3->9->5->2->10->15->7->8->11->14->13,集合与逻辑->复数->立体几何初步->函数概念与性质->一元函数导数及其应用->数列->三角函数->平面向量及其应用->空间向量与立体几何->平面解析几何->指数函数->计数原理->概率->统计->对数函数->函数应用->幂函数
S0057,1.150200560048482,32.74586613832158,-27.94586613832158,27.94586613932158,0.20463718910188386,17->16->12->6->3->4->13->14->10->15->7->9->5->2->1->11->8,集合与逻辑->复数->立体几何初步->函数概念与性质->三角函数->数列->幂函数->函数应用->指数函数->计数原理->概率->平面向量及其应用->空间向量与立体几何->平面解析几何->一元函数导数及其应用->对数函数->统计
S0058,1.305609587459031,37.782777241174585,-32.58277724117458,32.58277724217458,0.20115457670777714,17->12->16->8->6->3->11->15->9->2->1->4->5->7->13->10->14,集合与逻辑->立体几何初步->复数->统计->函数概念与性质->三角函数->对数函数->计数原理->平面向量及其应用->平面解析几何->一元函数导数及其应用->数列->空间向量与立体几何->概率->幂函数->指数函数->函数应用
S0059,0.7738882969953523,30.24905052742635,-25.84905052742635,25.84905052842635,0.22552430399085702,17->16->12->15->7->8->6->3->1->10->14->9->4->2->5->11->13,集合与逻辑->复数->立体几何初步->计数原理->概率->统计->函数概念与性质->三角函数->一元函数导数及其应用->指数函数->函数应用->平面向量及其应用->数列->平面解析几何->空间向量与立体几何->对数函数->幂函数
S0060,0.7257042814395858,29.706771813623384,-25.306771813623385,25.306771814623385,0.24504566122531785,17->16->12->8->15->7->6->3->13->10->9->5->2->1->4->11->14,集合与逻辑->复数->立体几何初步->统计->计数原理->概率->函数概念与性质->三角函数->幂函数->指数函数->平面向量及其应用->空间向量与立体几何->平面解析几何->一元函数导数及其应用->数列->对数函数->函数应用
S0061,0.9663590160759972,25.797987095618257,-21.397987095618255,21.397987096618255,0.17508842229169524,17->16->12->15->7->6->3->10->13->14->9->2->1->5->4->11->8,集合与逻辑->复数->立体几何初步->计数原理->概率->函数概念与性质->三角函数->指数函数->幂函数->函数应用->平面向量及其应用->平面解析几何->一元函数导数及其应用->空间向量与立体几何->数列->对数函数->统计
S0062,1.4995345500334591,36.83094467198715,-30.830944671987147,30.830944672987147,0.19356263068354995,17->12->8->6->3->13->16->9->2->1->10->15->7->4->5->11->14,集合与逻辑->立体几何初步->统计->函数概念与性质->三角函数->幂函数->复数->平面向量及其应用->平面解析几何->一元函数导数及其应用->指数函数->计数原理->概率->数列->空间向量与立体几何->对数函数->函数应用
S0063,1.1537799920876144,38.00006606914075,-33.200066069140746,33.20006607014074,0.24855492639549276,17->16->12->8->6->3->1->4->10->9->2->5->15->7->11->14->13,集合与逻辑->复数->立体几何初步->统计->函数概念与性质->三角函数->一元函数导数及其应用->数列->指数函数->平面向量及其应用->平面解析几何->空间向量与立体几何->计数原理->概率->对数函数->函数应用->幂函数
S0064,1.102140887014329,27.60027503763472,-22.40027503763472,22.40027503863472,0.19409031241605784,17->16->12->8->6->3->4->10->13->11->14->15->7->9->5->2->1,集合与逻辑->复数->立体几何初步->统计->函数概念与性质->三角函数->数列->指数函数->幂函数->对数函数->函数应用->计数原理->概率->平面向量及其应用->空间向量与立体几何->平面解析几何->一元函数导数及其应用
S0065,0.8954227750183961,33.075058003543134,-28.675058003543135,28.675058004543136,0.25182096684276856,17->16->12->6->3->8->14->15->7->10->9->5->2->4->1->11->13,集合与逻辑->复数->立体几何初步->函数概念与性质->三角函数->统计->函数应用->计数原理->概率->指数函数->平面向量及其应用->空间向量与立体几何->平面解析几何->数列->一元函数导数及其应用->对数函数->幂函数
S0066,1.0422503854614382,31.31112741195233,-26.91112741195233,26.91112741295233,0.2132323354167286,17->16->12->6->3->4->8->11->15->10->7->9->5->1->2->14->13,集合与逻辑->复数->立体几何初步->函数概念与性质->三角函数->数列->统计->对数函数->计数原理->指数函数->概率->平面向量及其应用->空间向量与立体几何->一元函数导数及其应用->平面解析几何->函数应用->幂函数
S0067,1.0319194181224218,34.52038697518435,-30.120386975184353,30.120386976184353,0.23683043946089175,17->16->12->8->15->7->6->3->4->11->14->10->9->5->2->1->13,集合与逻辑->复数->立体几何初步->统计->计数原理->概率->函数概念与性质->三角函数->数列->对数函数->函数应用->指数函数->平面向量及其应用->空间向量与立体几何->平面解析几何->一元函数导数及其应用->幂函数
S0068,1.4781592479992225,27.168073136563766,-22.368073136563766,22.368073137563766,0.16155061110237134,17->16->12->15->7->8->6->1->4->3->10->11->14->9->2->5->13,集合与逻辑->复数->立体几何初步->计数原理->概率->统计->函数概念与性质->一元函数导数及其应用->数列->三角函数->指数函数->对数函数->函数应用->平面向量及其应用->平面解析几何->空间向量与立体几何->幂函数
S0069,1.0083142530694005,31.556900102732303,-26.756900102732303,26.756900103732303,0.23280991274743146,17->16->8->6->4->3->9->12->10->11->1->2->5->14->13->15->7,集合与逻辑->复数->统计->函数概念与性质->数列->三角函数->平面向量及其应用->立体几何初步->指数函数->对数函数->一元函数导数及其应用->平面解析几何->空间向量与立体几何->函数应用->幂函数->计数原理->概率
S0070,0.8635380209800053,30.70774681235156,-25.107746812351557,25.107746813351557,0.22648824339305995,17->16->6->3->4->1->10->13->15->12->7->11->14->8->9->5->2,集合与逻辑->复数->函数概念与性质->三角函数->数列->一元函数导数及其应用->指数函数->幂函数->计数原理->立体几何初步->概率->对数函数->函数应用->统计->平面向量及其应用->空间向量与立体几何->平面解析几何
S0071,1.6363955397106138,28.846363961799774,-23.646363961799775,23.646363962799775,0.14989362173313336,17->16->12->8->6->3->10->15->14->7->4->13->9->2->1->5->11,集合与逻辑->复数->立体几何初步->统计->函数概念与性质->三角函数->指数函数->计数原理->函数应用->概率->数列->幂函数->平面向量及其应用->平面解析几何->一元函数导数及其应用->空间向量与立体几何->对数函数
S0072,1.0370090824198168,31.854525551638282,-27.454525551638284,27.454525552638284,0.20842136838707098,17->16->12->6->3->10->13->14->15->7->9->5->2->1->4->11->8,集合与逻辑->复数->立体几何初步->函数概念与性质->三角函数->指数函数->幂函数->函数应用->计数原理->概率->平面向量及其应用->空间向量与立体几何->平面解析几何->一元函数导数及其应用->数列->对数函数->统计
S0073,0.8154022463042743,27.24881706839255,-22.44881706839255,22.44881706939255,0.2089742969072765,17->16->12->8->6->3->4->13->9->10->1->2->5->15->11->7->14,集合与逻辑->复数->立体几何初步->统计->函数概念与性质->三角函数->数列->幂函数->平面向量及其应用->指数函数->一元函数导数及其应用->平面解析几何->空间向量与立体几何->计数原理->对数函数->概率->函数应用
S0074,1.1483935424833216,28.719787396086883,-23.11978739608688,23.11978739708688,0.1788407050385974,17->16->12->8->6->13->10->11->14->3->9->5->2->1->4->15->7,集合与逻辑->复数->立体几何初步->统计->函数概念与性质->幂函数->指数函数->对数函数->函数应用->三角函数->平面向量及其应用->空间向量与立体几何->平面解析几何->一元函数导数及其应用->数列->计数原理->概率
S0075,1.5186764348108497,29.37910705314596,-24.57910705314596,24.57910705414596,0.1626143615745727,17->16->12->6->1->4->3->8->10->14->9->2->5->15->11->7->13,集合与逻辑->复数->立体几何初步->函数概念与性质->一元函数导数及其应用->数列->三角函数->统计->指数函数->函数应用->平面向量及其应用->平面解析几何->空间向量与立体几何->计数原理->对数函数->概率->幂函数
S0076,0.6871090835898119,26.611813923978872,-21.81181392397887,21.81181392497887,0.22333913709772493,17->16->12->8->6->4->3->9->13->11->2->1->5->10->14->15->7,集合与逻辑->复数->立体几何初步->统计->函数概念与性质->数列->三角函数->平面向量及其应用->幂函数->对数函数->平面解析几何->一元函数导数及其应用->空间向量与立体几何->指数函数->函数应用->计数原理->概率
S0077,0.8570503184289094,31.22569994296275,-26.02569994296275,26.02569994396275,0.23828139219792704,17->16->12->6->1->4->3->9->2->5->10->13->15->7->11->8->14,集合与逻辑->复数->立体几何初步->函数概念与性质->一元函数导数及其应用->数列->三角函数->平面向量及其应用->平面解析几何->空间向量与立体几何->指数函数->幂函数->计数原理->概率->对数函数->统计->函数应用
S0078,0.7003985483207614,31.31512033441021,-26.91512033441021,26.91512033541021,0.2491259651550812,17->16->6->3->9->13->10->12->14->15->7->8->1->4->2->5->11,集合与逻辑->复数->函数概念与性质->三角函数->平面向量及其应用->幂函数->指数函数->立体几何初步->函数应用->计数原理->概率->统计->一元函数导数及其应用->数列->平面解析几何->空间向量与立体几何->对数函数
S0079,1.1360488558884496,31.088827404209944,-26.288827404209943,26.288827405209943,0.21216920524406474,17->16->15->12->6->3->7->8->13->11->9->2->4->1->5->14->10,集合与逻辑->复数->计数原理->立体几何初步->函数概念与性质->三角函数->概率->统计->幂函数->对数函数->平面向量及其应用->平面解析几何->数列->一元函数导数及其应用->空间向量与立体几何->函数应用->指数函数
S0080,0.5631739511276286,29.39776423012466,-24.59776423012466,24.59776423112466,0.26729334171065255,17->16->8->6->3->1->4->11->10->12->9->2->5->14->15->7->13,集合与逻辑->复数->统计->函数概念与性质->三角函数->一元函数导数及其应用->数列->对数函数->指数函数->立体几何初步->平面向量及其应用->平面解析几何->空间向量与立体几何->函数应用->计数原理->概率->幂函数
S0081,1.0646583991739815,28.650717806818456,-24.250717806818457,24.250717807818457,0.20035850117450796,17->16->8->12->15->7->6->11->3->9->4->1->2->5->10->14->13,集合与逻辑->复数->统计->立体几何初步->计数原理->概率->函数概念与性质->对数函数->三角函数->平面向量及其应用->数列->一元函数导数及其应用->平面解析几何->空间向量与立体几何->指数函数->函数应用->幂函数
S0082,1.4414314578240983,33.8917206193164,-28.691720619316403,28.691720620316403,0.1880601575777755,17->16->12->15->7->6->3->13->10->9->1->2->5->14->4->11->8,集合与逻辑->复数->立体几何初步->计数原理->概率->函数概念与性质->三角函数->幂函数->指数函数->平面向量及其应用->一元函数导数及其应用->平面解析几何->空间向量与立体几何->函数应用->数列->对数函数->统计
S0083,1.4846509621513957,35.414034614029646,-31.414034614029646,31.414034615029646,0.18098121880519558,17->16->12->6->3->10->14->9->5->2->1->4->8->11->15->7->13,集合与逻辑->复数->立体几何初步->函数概念与性质->三角函数->指数函数->函数应用->平面向量及其应用->空间向量与立体几何->平面解析几何->一元函数导数及其应用->数列->统计->对数函数->计数原理->概率->幂函数
S0084,1.2015630318868231,32.64464688926471,-27.844646889264713,27.844646890264713,0.2118936951735045,17->16->12->6->4->1->3->15->10->7->14->9->11->8->2->5->13,集合与逻辑->复数->立体几何初步->函数概念与性质->数列->一元函数导数及其应用->三角函数->计数原理->指数函数->概率->函数应用->平面向量及其应用->对数函数->统计->平面解析几何->空间向量与立体几何->幂函数
S0085,1.3497131860958846,29.765709448301678,-25.765709448301678,25.765709449301678,0.17461643383297698,17->16->12->6->3->9->10->15->7->5->2->1->4->8->11->13->14,集合与逻辑->复数->立体几何初步->函数概念与性质->三角函数->平面向量及其应用->指数函数->计数原理->概率->空间向量与立体几何->平面解析几何->一元函数导数及其应用->数列->统计->对数函数->幂函数->函数应用
S0086,1.0636904599143602,32.00698861771963,-26.80698861771963,26.80698861871963,0.20884451666714532,17->16->12->8->6->11->10->14->15->7->1->4->3->9->2->5->13,集合与逻辑->复数->立体几何初步->统计->函数概念与性质->对数函数->指数函数->函数应用->计数原理->概率->一元函数导数及其应用->数列->三角函数->平面向量及其应用->平面解析几何->空间向量与立体几何->幂函数
S0087,1.106216676624494,25.52433938848372,-20.324339388483722,20.324339389483722,0.18188995563488544,17->16->12->6->10->3->13->9->14->8->11->5->2->1->4->15->7,集合与逻辑->复数->立体几何初步->函数概念与性质->指数函数->三角函数->幂函数->平面向量及其应用->函数应用->统计->对数函数->空间向量与立体几何->平面解析几何->一元函数导数及其应用->数列->计数原理->概率
S0088,1.0482698579468566,28.925643472075137,-24.125643472075136,24.125643473075137,0.19703362774027028,17->16->12->8->6->10->13->15->7->3->9->5->2->1->4->11->14,集合与逻辑->复数->立体几何初步->统计->函数概念与性质->指数函数->幂函数->计数原理->概率->三角函数->平面向量及其应用->空间向量与立体几何->平面解析几何->一元函数导数及其应用->数列->对数函数->函数应用
S0089,0.8942384060054218,29.031771192803685,-25.031771192803685,25.031771193803685,0.21972889051597208,17->16->12->6->3->9->5->2->1->4->8->15->7->11->10->14->13,集合与逻辑->复数->立体几何初步->函数概念与性质->三角函数->平面向量及其应用->空间向量与立体几何->平面解析几何->一元函数导数及其应用->数列->统计->计数原理->概率->对数函数->指数函数->函数应用->幂函数
S0090,0.597537764732839,28.305017124031103,-23.905017124031104,23.905017125031105,0.2372012000111981,17->16->12->8->6->3->10->9->5->2->1->4->13->15->7->11->14,集合与逻辑->复数->立体几何初步->统计->函数概念与性质->三角函数->指数函数->平面向量及其应用->空间向量与立体几何->平面解析几何->一元函数导数及其应用->数列->幂函数->计数原理->概率->对数函数->函数应用
S0091,0.6691698674365365,26.832851186374967,-22.432851186374968,22.43285118737497,0.2203622472771981,17->16->12->8->6->3->11->10->15->7->13->9->2->1->4->5->14,集合与逻辑->复数->立体几何初步->统计->函数概念与性质->三角函数->对数函数->指数函数->计数原理->概率->幂函数->平面向量及其应用->平面解析几何->一元函数导数及其应用->数列->空间向量与立体几何->函数应用
S0092,0.8102083049306034,27.58923240477961,-23.18923240477961,23.18923240577961,0.21511609335558482,17->16->12->8->6->3->10->9->5->2->4->1->11->15->7->14->13,集合与逻辑->复数->立体几何初步->统计->函数概念与性质->三角函数->指数函数->平面向量及其应用->空间向量与立体几何->平面解析几何->数列->一元函数导数及其应用->对数函数->计数原理->概率->函数应用->幂函数
S0093,0.7497294101716284,26.435649944568233,-22.035649944568235,22.035649945568235,0.20923129839972765,17->16->12->8->6->3->9->5->2->4->1->10->14->15->7->11->13,集合与逻辑->复数->立体几何初步->统计->函数概念与性质->三角函数->平面向量及其应用->空间向量与立体几何->平面解析几何->数列->一元函数导数及其应用->指数函数->函数应用->计数原理->概率->对数函数->幂函数
S0094,1.584955148724264,33.239713209525966,-28.839713209525968,28.839713210525968,0.15435175182486172,17->16->12->15->6->3->4->1->8->10->9->2->5->7->11->14->13,集合与逻辑->复数->立体几何初步->计数原理->函数概念与性质->三角函数->数列->一元函数导数及其应用->统计->指数函数->平面向量及其应用->平面解析几何->空间向量与立体几何->概率->对数函数->函数应用->幂函数
S0095,1.2165998387420935,29.98154565639049,-25.18154565639049,25.18154565739049,0.19692464273855737,17->16->12->8->6->3->4->1->11->14->15->7->10->9->2->5->13,集合与逻辑->复数->立体几何初步->统计->函数概念与性质->三角函数->数列->一元函数导数及其应用->对数函数->函数应用->计数原理->概率->指数函数->平面向量及其应用->平面解析几何->空间向量与立体几何->幂函数
S0096,0.5697779411411013,23.49966532929659,-18.69966532929659,18.69966533029659,0.21271624915919068,17->16->12->8->6->3->4->11->13->14->9->5->2->1->10->15->7,集合与逻辑->复数->立体几何初步->统计->函数概念与性质->三角函数->数列->对数函数->幂函数->函数应用->平面向量及其应用->空间向量与立体几何->平面解析几何->一元函数导数及其应用->指数函数->计数原理->概率
S0097,1.267841718335833,29.203736453886844,-24.003736453886845,24.003736454886845,0.17916149065626297,17->16->8->15->7->6->3->13->10->14->12->9->2->5->1->4->11,集合与逻辑->复数->统计->计数原理->概率->函数概念与性质->三角函数->幂函数->指数函数->函数应用->立体几何初步->平面向量及其应用->平面解析几何->空间向量与立体几何->一元函数导数及其应用->数列->对数函数
S0098,1.173577512250902,28.264935421793165,-23.064935421793166,23.064935422793166,0.19068409389358884,17->16->8->6->3->4->1->13->12->15->7->11->14->9->5->2->10,集合与逻辑->复数->统计->函数概念与性质->三角函数->数列->一元函数导数及其应用->幂函数->立体几何初步->计数原理->概率->对数函数->函数应用->平面向量及其应用->空间向量与立体几何->平面解析几何->指数函数
S0099,1.0959210113790276,26.49065987589582,-21.69065987589582,21.69065987689582,0.18554182092652596,17->16->12->6->4->3->9->13->15->7->10->8->11->1->2->5->14,集合与逻辑->复数->立体几何初步->函数概念与性质->数列->三角函数->平面向量及其应用->幂函数->计数原理->概率->指数函数->统计->对数函数->一元函数导数及其应用->平面解析几何->空间向量与立体几何->函数应用
S0100,1.8034679635818731,32.666734002976625,-27.466734002976626,27.466734003976626,0.15296239835360692,17->16->12->8->6->3->4->1->11->10->14->13->9->2->5->15->7,集合与逻辑->复数->立体几何初步->统计->函数概念与性质->三角函数->数列->一元函数导数及其应用->对数函数->指数函数->函数应用->幂函数->平面向量及其应用->平面解析几何->空间向量与立体几何->计数原理->概率
S0101,0.7902801197573205,27.85466336711735,-23.85466336711735,23.85466336811735,0.20090201389572138,17->16->12->8->15->7->6->3->10->14->9->5->2->1->4->11->13,集合与逻辑->复数->立体几何初步->统计->计数原理->概率->函数概念与性质->三角函数->指数函数->函数应用->平面向量及其应用->空间向量与立体几何->平面解析几何->一元函数导数及其应用->数列->对数函数->幂函数
S0102,0.7741979282870309,31.732915246637575,-26.932915246637574,26.932915247637574,0.24000301850173805,17->16->12->6->3->10->11->8->13->9->5->2->1->4->14->15->7,集合与逻辑->复数->立体几何初步->函数概念与性质->三角函数->指数函数->对数函数->统计->幂函数->平面向量及其应用->空间向量与立体几何->平面解析几何->一元函数导数及其应用->数列->函数应用->计数原理->概率
S0103,0.7607680185441812,31.27797589823263,-26.47797589823263,26.47797589923263,0.24999750296273812,17->16->6->3->13->11->8->10->15->7->14->12->9->2->1->4->5,集合与逻辑->复数->函数概念与性质->三角函数->幂函数->对数函数->统计->指数函数->计数原理->概率->函数应用->立体几何初步->平面向量及其应用->平面解析几何->一元函数导数及其应用->数列->空间向量与立体几何
S0104,1.3932466813834217,28.43476115879702,-23.63476115879702,23.63476115979702,0.1672303511162011,17->16->12->6->1->4->3->8->11->15->7->9->5->2->10->14->13,集合与逻辑->复数->立体几何初步->函数概念与性质->一元函数导数及其应用->数列->三角函数->统计->对数函数->计数原理->概率->平面向量及其应用->空间向量与立体几何->平面解析几何->指数函数->函数应用->幂函数
S0105,1.205827262631371,33.0289470718203,-27.028947071820298,27.028947072820298,0.20495944055994908,17->16->8->12->15->7->6->10->4->3->13->9->2->1->5->14->11,集合与逻辑->复数->统计->立体几何初步->计数原理->概率->函数概念与性质->指数函数->数列->三角函数->幂函数->平面向量及其应用->平面解析几何->一元函数导数及其应用->空间向量与立体几何->函数应用->对数函数
S0106,0.9433799314470696,35.62638202358142,-30.42638202358142,30.42638202458142,0.25451941663974453,17->16->12->8->6->3->1->13->15->7->11->14->9->5->2->4->10,集合与逻辑->复数->立体几何初步->统计->函数概念与性质->三角函数->一元函数导数及其应用->幂函数->计数原理->概率->对数函数->函数应用->平面向量及其应用->空间向量与立体几何->平面解析几何->数列->指数函数
S0107,1.211712410885584,36.10997711869837,-31.309977118698367,31.309977119698367,0.22432424433644627,17->16->15->12->8->6->3->1->7->11->13->10->9->2->4->5->14,集合与逻辑->复数->计数原理->立体几何初步->统计->函数概念与性质->三角函数->一元函数导数及其应用->概率->对数函数->幂函数->指数函数->平面向量及其应用->平面解析几何->数列->空间向量与立体几何->函数应用
S0108,0.8431932913915385,30.59664793919073,-26.196647939190733,26.196647940190733,0.23286306324906914,17->16->12->6->3->4->13->10->15->14->9->5->2->1->8->11->7,集合与逻辑->复数->立体几何初步->函数概念与性质->三角函数->数列->幂函数->指数函数->计数原理->函数应用->平面向量及其应用->空间向量与立体几何->平面解析几何->一元函数导数及其应用->统计->对数函数->概率
S0109,1.1396086904342189,32.762013322429546,-28.362013322429547,28.362013323429547,0.2065031041298395,17->16->12->6->3->11->8->10->9->2->4->1->5->15->7->14->13,集合与逻辑->复数->立体几何初步->函数概念与性质->三角函数->对数函数->统计->指数函数->平面向量及其应用->平面解析几何->数列->一元函数导数及其应用->空间向量与立体几何->计数原理->概率->函数应用->幂函数
S0110,1.1041789145174916,27.49981841290618,-22.29981841290618,22.29981841390618,0.18597102439037783,17->16->8->12->6->3->1->4->11->10->14->15->7->9->2->5->13,集合与逻辑->复数->统计->立体几何初步->函数概念与性质->三角函数->一元函数导数及其应用->数列->对数函数->指数函数->函数应用->计数原理->概率->平面向量及其应用->平面解析几何->空间向量与立体几何->幂函数
S0111,0.7208595861978447,29.735832864246888,-25.33583286424689,25.33583286524689,0.2299946197370379,17->16->12->8->6->3->10->9->13->11->5->4->1->2->15->7->14,集合与逻辑->复数->立体几何初步->统计->函数概念与性质->三角函数->指数函数->平面向量及其应用->幂函数->对数函数->空间向量与立体几何->数列->一元函数导数及其应用->平面解析几何->计数原理->概率->函数应用
S0112,0.4215110034169185,23.40472848976928,-19.004728489769278,19.004728490769278,0.21988741125534395,17->16->12->8->6->3->10->9->13->4->1->2->5->15->7->11->14,集合与逻辑->复数->立体几何初步->统计->函数概念与性质->三角函数->指数函数->平面向量及其应用->幂函数->数列->一元函数导数及其应用->平面解析几何->空间向量与立体几何->计数原理->概率->对数函数->函数应用
S0113,0.6105192050121702,31.100735283053833,-26.300735283053832,26.300735284053832,0.25100006510623113,17->16->12->8->6->3->4->9->2->1->5->10->13->15->7->11->14,集合与逻辑->复数->立体几何初步->统计->函数概念与性质->三角函数->数列->平面向量及其应用->平面解析几何->一元函数导数及其应用->空间向量与立体几何->指数函数->幂函数->计数原理->概率->对数函数->函数应用
S0114,1.1894805582224242,31.163408286537006,-26.763408286537008,26.763408287537008,0.19765909529551948,17->16->12->6->3->10->13->9->5->2->1->4->14->15->7->8->11,集合与逻辑->复数->立体几何初步->函数概念与性质->三角函数->指数函数->幂函数->平面向量及其应用->空间向量与立体几何->平面解析几何->一元函数导数及其应用->数列->函数应用->计数原理->概率->统计->对数函数
S0115,0.613723366113343,26.636831070337045,-21.836831070337045,21.836831071337045,0.23899771333710368,17->16->12->8->6->4->3->9->5->2->1->13->14->15->7->11->10,集合与逻辑->复数->立体几何初步->统计->函数概念与性质->数列->三角函数->平面向量及其应用->空间向量与立体几何->平面解析几何->一元函数导数及其应用->幂函数->函数应用->计数原理->概率->对数函数->指数函数
S0116,1.4729379528919482,28.811629492982885,-24.411629492982883,24.411629493982883,0.15352895008032846,17->16->12->6->3->9->10->13->15->7->4->5->1->2->8->11->14,集合与逻辑->复数->立体几何初步->函数概念与性质->三角函数->平面向量及其应用->指数函数->幂函数->计数原理->概率->数列->空间向量与立体几何->一元函数导数及其应用->平面解析几何->统计->对数函数->函数应用
S0117,1.212481788251789,31.41682690857631,-27.41682690857631,27.41682690957631,0.21162244182911527,17->16->12->15->8->7->6->3->10->9->5->2->1->4->11->13->14,集合与逻辑->复数->立体几何初步->计数原理->统计->概率->函数概念与性质->三角函数->指数函数->平面向量及其应用->空间向量与立体几何->平面解析几何->一元函数导数及其应用->数列->对数函数->幂函数->函数应用
S0118,0.8250618558866732,29.35508117555555,-24.55508117555555,24.55508117655555,0.2092477818365575,17->16->8->12->6->3->11->9->13->14->10->2->1->4->5->15->7,集合与逻辑->复数->统计->立体几何初步->函数概念与性质->三角函数->对数函数->平面向量及其应用->幂函数->函数应用->指数函数->平面解析几何->一元函数导数及其应用->数列->空间向量与立体几何->计数原理->概率
S0119,0.6061359902957857,25.56640546847451,-20.76640546847451,20.76640546947451,0.22079938046409425,17->16->12->8->6->1->3->9->2->4->5->10->14->15->7->11->13,集合与逻辑->复数->立体几何初步->统计->函数概念与性质->一元函数导数及其应用->三角函数->平面向量及其应用->平面解析几何->数列->空间向量与立体几何->指数函数->函数应用->计数原理->概率->对数函数->幂函数
S0120,0.7565450843020984,31.376551812197807,-26.176551812197808,26.176551813197808,0.24572523044816538,17->16->6->3->4->10->12->14->13->9->2->1->8->5->15->7->11,集合与逻辑->复数->函数概念与性质->三角函数->数列->指数函数->立体几何初步->函数应用->幂函数->平面向量及其应用->平面解析几何->一元函数导数及其应用->统计->空间向量与立体几何->计数原理->概率->对数函数
S0121,0.8928730988606411,28.863171652378604,-24.063171652378603,24.063171653378603,0.21689732250886545,17->16->12->8->15->7->6->1->4->3->9->2->5->11->10->14->13,集合与逻辑->复数->立体几何初步->统计->计数原理->概率->函数概念与性质->一元函数导数及其应用->数列->三角函数->平面向量及其应用->平面解析几何->空间向量与立体几何->对数函数->指数函数->函数应用->幂函数
S0122,1.1874435260862626,30.443731207383642,-25.243731207383643,25.243731208383643,0.20099245533129748,17->16->12->8->6->3->1->4->13->10->14->9->2->5->15->7->11,集合与逻辑->复数->立体几何初步->统计->函数概念与性质->三角函数->一元函数导数及其应用->数列->幂函数->指数函数->函数应用->平面向量及其应用->平面解析几何->空间向量与立体几何->计数原理->概率->对数函数
S0123,1.1843591831370002,34.21841003711293,-29.018410037112933,29.018410038112933,0.2006681184170056,17->16->15->7->8->6->3->11->1->10->12->14->13->9->5->2->4,集合与逻辑->复数->计数原理->概率->统计->函数概念与性质->三角函数->对数函数->一元函数导数及其应用->指数函数->立体几何初步->函数应用->幂函数->平面向量及其应用->空间向量与立体几何->平面解析几何->数列
S0124,1.4782047606891924,29.22021195130555,-24.820211951305552,24.820211952305552,0.1600072305043551,17->16->12->6->3->9->5->15->7->8->2->1->4->11->14->10->13,集合与逻辑->复数->立体几何初步->函数概念与性质->三角函数->平面向量及其应用->空间向量与立体几何->计数原理->概率->统计->平面解析几何->一元函数导数及其应用->数列->对数函数->函数应用->指数函数->幂函数
S0125,0.9582129447701992,33.28976216746043,-28.48976216746043,28.48976216846043,0.22483080733913616,17->16->6->3->9->13->12->5->2->1->4->14->10->11->15->7->8,集合与逻辑->复数->函数概念与性质->三角函数->平面向量及其应用->幂函数->立体几何初步->空间向量与立体几何->平面解析几何->一元函数导数及其应用->数列->函数应用->指数函数->对数函数->计数原理->概率->统计
S0126,0.8394308546043378,31.42995945431743,-26.62995945431743,26.62995945531743,0.24748179111463353,17->16->8->6->3->1->4->10->12->14->15->7->11->9->2->5->13,集合与逻辑->复数->统计->函数概念与性质->三角函数->一元函数导数及其应用->数列->指数函数->立体几何初步->函数应用->计数原理->概率->对数函数->平面向量及其应用->平面解析几何->空间向量与立体几何->幂函数
S0127,0.9530129726683076,34.566886353136326,-30.166886353136327,30.166886354136327,0.2297573088888341,17->16->12->15->7->8->6->3->13->11->10->14->9->2->1->4->5,集合与逻辑->复数->立体几何初步->计数原理->概率->统计->函数概念与性质->三角函数->幂函数->对数函数->指数函数->函数应用->平面向量及其应用->平面解析几何->一元函数导数及其应用->数列->空间向量与立体几何
S0128,0.760596908894798,28.670538690857313,-23.470538690857314,23.470538691857314,0.2321936590493739,17->16->6->3->14->9->10->13->8->11->4->2->1->15->7->12->5,集合与逻辑->复数->函数概念与性质->三角函数->函数应用->平面向量及其应用->指数函数->幂函数->统计->对数函数->数列->平面解析几何->一元函数导数及其应用->计数原理->概率->立体几何初步->空间向量与立体几何
S0129,0.7439387765792789,31.182978891263637,-27.182978891263637,27.182978892263638,0.24229087226961002,17->16->12->8->6->3->9->2->1->4->5->10->14->15->7->11->13,集合与逻辑->复数->立体几何初步->统计->函数概念与性质->三角函数->平面向量及其应用->平面解析几何->一元函数导数及其应用->数列->空间向量与立体几何->指数函数->函数应用->计数原理->概率->对数函数->幂函数
S0130,0.829997201219071,28.9238269396906,-24.1238269396906,24.1238269406906,0.22044090046696813,17->16->12->6->1->3->8->10->14->9->5->2->4->15->7->11->13,集合与逻辑->复数->立体几何初步->函数概念与性质->一元函数导数及其应用->三角函数->统计->指数函数->函数应用->平面向量及其应用->空间向量与立体几何->平面解析几何->数列->计数原理->概率->对数函数->幂函数
S0131,1.0070905334162992,31.19370661774338,-26.39370661774338,26.39370661874338,0.21582496593400508,17->16->12->8->6->3->11->14->9->2->5->4->1->10->15->7->13,集合与逻辑->复数->立体几何初步->统计->函数概念与性质->三角函数->对数函数->函数应用->平面向量及其应用->平面解析几何->空间向量与立体几何->数列->一元函数导数及其应用->指数函数->计数原理->概率->幂函数
S0132,0.782931031429999,29.66496411380652,-24.064964113806518,24.064964114806518,0.22335848505233546,17->16->12->15->7->8->6->13->10->14->4->1->3->9->2->5->11,集合与逻辑->复数->立体几何初步->计数原理->概率->统计->函数概念与性质->幂函数->指数函数->函数应用->数列->一元函数导数及其应用->三角函数->平面向量及其应用->平面解析几何->空间向量与立体几何->对数函数
S0133,1.218411413676428,30.745621657110462,-25.94562165711046,25.94562165811046,0.20162403168334053,17->16->12->6->3->13->9->5->2->1->4->10->11->8->15->7->14,集合与逻辑->复数->立体几何初步->函数概念与性质->三角函数->幂函数->平面向量及其应用->空间向量与立体几何->平面解析几何->一元函数导数及其应用->数列->指数函数->对数函数->统计->计数原理->概率->函数应用
S0134,0.8684203496850287,32.71883197125281,-27.518831971252812,27.518831972252812,0.23458534838601203,17->16->8->6->3->10->13->15->7->9->2->1->4->11->14->12->5,集合与逻辑->复数->统计->函数概念与性质->三角函数->指数函数->幂函数->计数原理->概率->平面向量及其应用->平面解析几何->一元函数导数及其应用->数列->对数函数->函数应用->立体几何初步->空间向量与立体几何
S0135,1.054764039858106,37.95780435246117,-33.15780435246117,33.15780435346117,0.2351756815737141,17->16->12->15->7->8->6->3->1->4->13->10->14->9->2->5->11,集合与逻辑->复数->立体几何初步->计数原理->概率->统计->函数概念与性质->三角函数->一元函数导数及其应用->数列->幂函数->指数函数->函数应用->平面向量及其应用->平面解析几何->空间向量与立体几何->对数函数
S0136,1.3622581785313113,37.70126021688379,-32.901260216883784,32.90126021788378,0.2166628060493092,17->16->12->15->7->6->3->11->10->13->9->2->5->4->1->8->14,集合与逻辑->复数->立体几何初步->计数原理->概率->函数概念与性质->三角函数->对数函数->指数函数->幂函数->平面向量及其应用->平面解析几何->空间向量与立体几何->数列->一元函数导数及其应用->统计->函数应用
S0137,1.3060716341505525,31.30811086088216,-26.50811086088216,26.50811086188216,0.17792763747977253,17->16->8->12->15->6->3->1->4->11->10->14->9->2->5->7->13,集合与逻辑->复数->统计->立体几何初步->计数原理->函数概念与性质->三角函数->一元函数导数及其应用->数列->对数函数->指数函数->函数应用->平面向量及其应用->平面解析几何->空间向量与立体几何->概率->幂函数
S0138,1.418863761089648,41.34956685326077,-36.54956685326077,36.54956685426077,0.2353268692458885,17->16->12->6->3->4->9->8->2->1->5->11->15->13->7->10->14,集合与逻辑->复数->立体几何初步->函数概念与性质->三角函数->数列->平面向量及其应用->统计->平面解析几何->一元函数导数及其应用->空间向量与立体几何->对数函数->计数原理->幂函数->概率->指数函数->函数应用
S0139,0.8946060652351582,27.915266605139866,-22.715266605139867,22.715266606139867,0.19659884702989594,17->12->6->1->3->9->10->8->14->11->5->4->2->15->7->13->16,集合与逻辑->立体几何初步->函数概念与性质->一元函数导数及其应用->三角函数->平面向量及其应用->指数函数->统计->函数应用->对数函数->空间向量与立体几何->数列->平面解析几何->计数原理->概率->幂函数->复数
S0140,1.0081456168786675,36.102975021617276,-31.302975021617275,31.302975022617275,0.2469360629231001,17->16->12->6->3->13->10->9->2->4->1->5->11->14->15->7->8,集合与逻辑->复数->立体几何初步->函数概念与性质->三角函数->幂函数->指数函数->平面向量及其应用->平面解析几何->数列->一元函数导数及其应用->空间向量与立体几何->对数函数->函数应用->计数原理->概率->统计
S0141,0.7318154696821418,25.409597620483027,-21.409597620483027,21.409597621483027,0.20962170945556513,17->16->12->15->7->8->6->3->11->9->5->2->1->4->10->13->14,集合与逻辑->复数->立体几何初步->计数原理->概率->统计->函数概念与性质->三角函数->对数函数->平面向量及其应用->空间向量与立体几何->平面解析几何->一元函数导数及其应用->数列->指数函数->幂函数->函数应用
S0142,1.07441833636656,33.11740192190568,-27.917401921905682,27.917401922905682,0.2035448293724622,17->16->12->8->6->3->1->11->14->13->10->9->4->2->5->15->7,集合与逻辑->复数->立体几何初步->统计->函数概念与性质->三角函数->一元函数导数及其应用->对数函数->函数应用->幂函数->指数函数->平面向量及其应用->数列->平面解析几何->空间向量与立体几何->计数原理->概率
S0143,0.9828761699359172,35.79970225514787,-30.99970225514787,30.99970225614787,0.2439973012995052,17->16->12->8->6->3->1->4->9->2->5->11->14->15->7->10->13,集合与逻辑->复数->立体几何初步->统计->函数概念与性质->三角函数->一元函数导数及其应用->数列->平面向量及其应用->平面解析几何->空间向量与立体几何->对数函数->函数应用->计数原理->概率->指数函数->幂函数
S0144,0.9685734871968036,35.56871092658064,-30.768710926580642,30.768710927580642,0.2402453694599204,17->16->6->3->13->10->12->9->2->1->4->8->15->7->11->5->14,集合与逻辑->复数->函数概念与性质->三角函数->幂函数->指数函数->立体几何初步->平面向量及其应用->平面解析几何->一元函数导数及其应用->数列->统计->计数原理->概率->对数函数->空间向量与立体几何->函数应用
S0145,1.2566318816750108,28.690743540342933,-23.890743540342932,23.890743541342932,0.17707439028389538,17->16->12->8->15->7->6->4->1->3->9->5->2->11->14->10->13,集合与逻辑->复数->立体几何初步->统计->计数原理->概率->函数概念与性质->数列->一元函数导数及其应用->三角函数->平面向量及其应用->空间向量与立体几何->平面解析几何->对数函数->函数应用->指数函数->幂函数
S0146,1.786654321356295,30.937196755659695,-26.937196755659695,26.937196756659695,0.13627080609338965,17->16->6->3->11->13->15->12->9->5->2->1->4->7->8->10->14,集合与逻辑->复数->函数概念与性质->三角函数->对数函数->幂函数->计数原理->立体几何初步->平面向量及其应用->空间向量与立体几何->平面解析几何->一元函数导数及其应用->数列->概率->统计->指数函数->函数应用
S0147,0.9349242466860604,26.665349410112526,-21.865349410112525,21.865349411112526,0.20206197540208354,17->16->6->4->3->10->13->15->7->11->9->12->1->2->5->8->14,集合与逻辑->复数->函数概念与性质->数列->三角函数->指数函数->幂函数->计数原理->概率->对数函数->平面向量及其应用->立体几何初步->一元函数导数及其应用->平面解析几何->空间向量与立体几何->统计->函数应用
S0148,0.8232847252411751,27.682494397263046,-23.282494397263044,23.282494398263044,0.20920522844129635,17->16->6->3->4->9->10->13->14->15->12->5->2->1->11->8->7,集合与逻辑->复数->函数概念与性质->三角函数->数列->平面向量及其应用->指数函数->幂函数->函数应用->计数原理->立体几何初步->空间向量与立体几何->平面解析几何->一元函数导数及其应用->对数函数->统计->概率
S0149,1.0227379110593542,33.71019122467076,-28.910191224670758,28.910191225670758,0.23978665937498045,17->16->12->15->7->6->3->4->1->8->13->14->10->9->2->5->11,集合与逻辑->复数->立体几何初步->计数原理->概率->函数概念与性质->三角函数->数列->一元函数导数及其应用->统计->幂函数->函数应用->指数函数->平面向量及其应用->平面解析几何->空间向量与立体几何->对数函数
S0150,0.8815321131584645,29.837267313266747,-24.637267313266747,24.637267314266747,0.23228125985741344,17->16->12->8->6->3->1->15->10->7->14->9->13->5->4->2->11,集合与逻辑->复数->立体几何初步->统计->函数概念与性质->三角函数->一元函数导数及其应用->计数原理->指数函数->概率->函数应用->平面向量及其应用->幂函数->空间向量与立体几何->数列->平面解析几何->对数函数
S0151,0.8901193911530677,32.02214904770472,-27.622149047704724,27.622149048704724,0.25064659273618095,17->16->12->6->3->9->13->8->5->1->2->4->15->10->7->11->14,集合与逻辑->复数->立体几何初步->函数概念与性质->三角函数->平面向量及其应用->幂函数->统计->空间向量与立体几何->一元函数导数及其应用->平面解析几何->数列->计数原理->指数函数->概率->对数函数->函数应用
S0152,1.1581642512979804,29.72051697115763,-25.32051697115763,25.32051697215763,0.18564242178479967,17->16->12->15->7->6->3->10->11->13->9->14->4->1->2->5->8,集合与逻辑->复数->立体几何初步->计数原理->概率->函数概念与性质->三角函数->指数函数->对数函数->幂函数->平面向量及其应用->函数应用->数列->一元函数导数及其应用->平面解析几何->空间向量与立体几何->统计
S0153,0.9561581057510158,29.739681827229294,-24.939681827229293,24.939681828229293,0.19514570474983134,17->16->12->15->7->8->6->13->11->3->9->2->1->4->5->14->10,集合与逻辑->复数->立体几何初步->计数原理->概率->统计->函数概念与性质->幂函数->对数函数->三角函数->平面向量及其应用->平面解析几何->一元函数导数及其应用->数列->空间向量与立体几何->函数应用->指数函数
S0154,0.6515311435496225,28.12870435223757,-23.32870435223757,23.32870435323757,0.23465633279301062,17->16->12->8->6->3->9->10->13->5->2->4->1->11->14->15->7,集合与逻辑->复数->立体几何初步->统计->函数概念与性质->三角函数->平面向量及其应用->指数函数->幂函数->空间向量与立体几何->平面解析几何->数列->一元函数导数及其应用->对数函数->函数应用->计数原理->概率
S0155,1.0484170309286656,33.67030307869752,-28.470303078697523,28.470303079697523,0.21809019713420713,17->16->12->6->3->4->13->14->10->11->9->1->2->5->8->15->7,集合与逻辑->复数->立体几何初步->函数概念与性质->三角函数->数列->幂函数->函数应用->指数函数->对数函数->平面向量及其应用->一元函数导数及其应用->平面解析几何->空间向量与立体几何->统计->计数原理->概率
S0156,0.9175905320774576,34.03692386402933,-28.836923864029334,28.836923865029334,0.20038400959242467,17->16->8->12->15->7->6->3->13->14->10->9->2->5->4->1->11,集合与逻辑->复数->统计->立体几何初步->计数原理->概率->函数概念与性质->三角函数->幂函数->函数应用->指数函数->平面向量及其应用->平面解析几何->空间向量与立体几何->数列->一元函数导数及其应用->对数函数
S0157,1.3328845926375874,31.432433732571475,-27.432433732571475,27.432433733571475,0.16559559754345726,17->16->15->7->6->3->4->11->8->12->9->5->2->1->14->10->13,集合与逻辑->复数->计数原理->概率->函数概念与性质->三角函数->数列->对数函数->统计->立体几何初步->平面向量及其应用->空间向量与立体几何->平面解析几何->一元函数导数及其应用->函数应用->指数函数->幂函数
S0158,0.6126423995099313,25.640122826134473,-20.840122826134472,20.840122827134472,0.1964715768613131,17->16->12->8->6->4->3->13->10->9->2->1->5->11->15->7->14,集合与逻辑->复数->立体几何初步->统计->函数概念与性质->数列->三角函数->幂函数->指数函数->平面向量及其应用->平面解析几何->一元函数导数及其应用->空间向量与立体几何->对数函数->计数原理->概率->函数应用
S0159,1.0615629622745817,30.383177346758227,-25.583177346758227,25.583177347758227,0.20186634064572678,17->16->12->6->4->3->13->10->14->9->8->11->5->2->1->15->7,集合与逻辑->复数->立体几何初步->函数概念与性质->数列->三角函数->幂函数->指数函数->函数应用->平面向量及其应用->统计->对数函数->空间向量与立体几何->平面解析几何->一元函数导数及其应用->计数原理->概率
S0160,1.059143178013885,32.40597423717279,-27.205974237172793,27.205974238172793,0.2109350804536888,17->16->12->8->15->7->6->3->13->10->14->9->2->5->1->4->11,集合与逻辑->复数->立体几何初步->统计->计数原理->概率->函数概念与性质->三角函数->幂函数->指数函数->函数应用->平面向量及其应用->平面解析几何->空间向量与立体几何->一元函数导数及其应用->数列->对数函数
S0161,1.0258829188435703,34.04341279760711,-28.84341279760711,28.843412798607112,0.23600716848059564,17->16->8->6->3->9->1->2->4->12->5->10->13->15->7->11->14,集合与逻辑->复数->统计->函数概念与性质->三角函数->平面向量及其应用->一元函数导数及其应用->平面解析几何->数列->立体几何初步->空间向量与立体几何->指数函数->幂函数->计数原理->概率->对数函数->函数应用
S0162,1.1136261137125203,33.564635083702036,-28.764635083702036,28.764635084702036,0.18908014996158762,17->16->12->6->3->10->11->15->7->13->9->2->1->4->5->8->14,集合与逻辑->复数->立体几何初步->函数概念与性质->三角函数->指数函数->对数函数->计数原理->概率->幂函数->平面向量及其应用->平面解析几何->一元函数导数及其应用->数列->空间向量与立体几何->统计->函数应用
S0163,1.5179849978313908,25.004272671105685,-20.204272671105684,20.204272672105684,0.1402062984750172,17->16->12->8->6->4->3->9->5->2->1->11->14->10->13->15->7,集合与逻辑->复数->立体几何初步->统计->函数概念与性质->数列->三角函数->平面向量及其应用->空间向量与立体几何->平面解析几何->一元函数导数及其应用->对数函数->函数应用->指数函数->幂函数->计数原理->概率
S0164,0.6716161779051377,30.221681178208122,-25.42168117820812,25.42168117920812,0.23220823300995797,17->16->12->8->6->3->1->4->15->7->14->10->9->2->5->11->13,集合与逻辑->复数->立体几何初步->统计->函数概念与性质->三角函数->一元函数导数及其应用->数列->计数原理->概率->函数应用->指数函数->平面向量及其应用->平面解析几何->空间向量与立体几何->对数函数->幂函数
S0165,1.0553594985864645,32.16771700340729,-27.76771700340729,27.76771700440729,0.20796390133094067,17->16->12->15->6->3->4->1->14->9->5->2->7->8->11->10->13,集合与逻辑->复数->立体几何初步->计数原理->函数概念与性质->三角函数->数列->一元函数导数及其应用->函数应用->平面向量及其应用->空间向量与立体几何->平面解析几何->概率->统计->对数函数->指数函数->幂函数
S0166,2.3428939874626327,27.265726683239965,-22.465726683239964,22.465726684239964,0.09734137896159961,17->16->12->8->6->11->3->9->4->1->2->5->13->14->15->7->10,集合与逻辑->复数->立体几何初步->统计->函数概念与性质->对数函数->三角函数->平面向量及其应用->数列->一元函数导数及其应用->平面解析几何->空间向量与立体几何->幂函数->函数应用->计数原理->概率->指数函数
S0167,1.1324349862936784,35.28108379128806,-30.48108379128806,30.48108379228806,0.2298201187616782,17->16->12->6->3->13->10->9->5->8->15->7->4->1->2->11->14,集合与逻辑->复数->立体几何初步->函数概念与性质->三角函数->幂函数->指数函数->平面向量及其应用->空间向量与立体几何->统计->计数原理->概率->数列->一元函数导数及其应用->平面解析几何->对数函数->函数应用
S0168,0.8308832429346465,27.684485987277597,-23.2844859872776,23.2844859882776,0.21567882098129532,17->16->12->6->3->9->5->2->1->4->14->13->15->10->11->7->8,集合与逻辑->复数->立体几何初步->函数概念与性质->三角函数->平面向量及其应用->空间向量与立体几何->平面解析几何->一元函数导数及其应用->数列->函数应用->幂函数->计数原理->指数函数->对数函数->概率->统计
S0169,0.9525699340011188,29.490697394308526,-25.090697394308528,25.090697395308528,0.21854390383727207,17->16->12->8->6->3->11->10->13->9->5->4->1->2->14->15->7,集合与逻辑->复数->立体几何初步->统计->函数概念与性质->三角函数->对数函数->指数函数->幂函数->平面向量及其应用->空间向量与立体几何->数列->一元函数导数及其应用->平面解析几何->函数应用->计数原理->概率
S0170,1.1346931287242243,32.70315700635671,-27.90315700635671,27.90315700735671,0.20407599109858826,17->16->8->6->3->4->10->12->11->9->2->1->5->15->7->14->13,集合与逻辑->复数->统计->函数概念与性质->三角函数->数列->指数函数->立体几何初步->对数函数->平面向量及其应用->平面解析几何->一元函数导数及其应用->空间向量与立体几何->计数原理->概率->函数应用->幂函数
S0171,0.888683881614264,36.34439123695338,-31.544391236953377,31.544391237953377,0.266847837699598,17->16->6->3->9->2->1->4->11->8->12->13->15->7->5->10->14,集合与逻辑->复数->函数概念与性质->三角函数->平面向量及其应用->平面解析几何->一元函数导数及其应用->数列->对数函数->统计->立体几何初步->幂函数->计数原理->概率->空间向量与立体几何->指数函数->函数应用
S0172,0.5781389435045289,23.551503746139854,-18.751503746139853,18.751503747139854,0.20383719463073374,17->16->12->8->6->1->4->3->9->2->5->11->14->15->7->10->13,集合与逻辑->复数->立体几何初步->统计->函数概念与性质->一元函数导数及其应用->数列->三角函数->平面向量及其应用->平面解析几何->空间向量与立体几何->对数函数->函数应用->计数原理->概率->指数函数->幂函数
S0173,1.508532849779419,33.431457504820315,-28.631457504820315,28.631457505820315,0.19052676862138473,17->16->12->6->3->4->13->9->8->1->2->5->15->11->7->10->14,集合与逻辑->复数->立体几何初步->函数概念与性质->三角函数->数列->幂函数->平面向量及其应用->统计->一元函数导数及其应用->平面解析几何->空间向量与立体几何->计数原理->对数函数->概率->指数函数->函数应用
S0174,1.2513542560779216,31.665479551023832,-26.465479551023833,26.465479552023833,0.18684961260785055,17->16->12->6->3->11->14->10->9->2->4->8->15->7->5->1->13,集合与逻辑->复数->立体几何初步->函数概念与性质->三角函数->对数函数->函数应用->指数函数->平面向量及其应用->平面解析几何->数列->统计->计数原理->概率->空间向量与立体几何->一元函数导数及其应用->幂函数
S0175,1.4523489422573557,28.666386309409756,-23.466386309409756,23.466386310409757,0.16683388974069663,17->16->8->12->6->3->9->13->10->4->1->2->11->5->14->15->7,集合与逻辑->复数->统计->立体几何初步->函数概念与性质->三角函数->平面向量及其应用->幂函数->指数函数->数列->一元函数导数及其应用->平面解析几何->对数函数->空间向量与立体几何->函数应用->计数原理->概率
S0176,1.433100556570031,26.389482185821453,-21.98948218582145,21.98948218682145,0.15700346795485032,17->16->12->6->3->8->10->14->9->5->2->1->4->13->15->7->11,集合与逻辑->复数->立体几何初步->函数概念与性质->三角函数->统计->指数函数->函数应用->平面向量及其应用->空间向量与立体几何->平面解析几何->一元函数导数及其应用->数列->幂函数->计数原理->概率->对数函数
S0177,1.1569964461434057,31.381700301705532,-26.98170030170553,26.98170030270553,0.19295964466798537,17->16->12->8->15->7->6->3->10->9->5->4->2->1->14->11->13,集合与逻辑->复数->立体几何初步->统计->计数原理->概率->函数概念与性质->三角函数->指数函数->平面向量及其应用->空间向量与立体几何->数列->平面解析几何->一元函数导数及其应用->函数应用->对数函数->幂函数
S0178,0.802440163800739,26.701048705344217,-22.301048705344215,22.301048706344215,0.20703576387366593,17->16->12->8->6->3->4->11->10->15->7->14->9->5->1->2->13,集合与逻辑->复数->立体几何初步->统计->函数概念与性质->三角函数->数列->对数函数->指数函数->计数原理->概率->函数应用->平面向量及其应用->空间向量与立体几何->一元函数导数及其应用->平面解析几何->幂函数
S0179,1.1431962798166908,34.56474685896512,-29.764746858965122,29.764746859965122,0.19821642839068176,17->16->12->8->6->3->11->9->2->5->1->4->10->14->15->7->13,集合与逻辑->复数->立体几何初步->统计->函数概念与性质->三角函数->对数函数->平面向量及其应用->平面解析几何->空间向量与立体几何->一元函数导数及其应用->数列->指数函数->函数应用->计数原理->概率->幂函数
S0180,0.9812978708125564,30.240601436112755,-25.040601436112755,25.040601437112755,0.2025337645471037,17->16->8->12->6->3->9->2->5->1->4->11->15->7->14->10->13,集合与逻辑->复数->统计->立体几何初步->函数概念与性质->三角函数->平面向量及其应用->平面解析几何->空间向量与立体几何->一元函数导数及其应用->数列->对数函数->计数原理->概率->函数应用->指数函数->幂函数
S0181,0.5019346776845223,23.626867913847143,-18.426867913847143,18.426867914847143,0.2199024115919248,17->16->12->8->6->1->4->3->11->10->15->7->13->9->2->5->14,集合与逻辑->复数->立体几何初步->统计->函数概念与性质->一元函数导数及其应用->数列->三角函数->对数函数->指数函数->计数原理->概率->幂函数->平面向量及其应用->平面解析几何->空间向量与立体几何->函数应用
S0182,0.716645167709833,28.994083182927525,-23.794083182927526,23.794083183927526,0.22507442139429057,17->16->12->8->6->1->4->11->3->9->2->5->14->15->7->10->13,集合与逻辑->复数->立体几何初步->统计->函数概念与性质->一元函数导数及其应用->数列->对数函数->三角函数->平面向量及其应用->平面解析几何->空间向量与立体几何->函数应用->计数原理->概率->指数函数->幂函数
S0183,0.4910388319379337,24.64722176037224,-20.24722176037224,20.24722176137224,0.22749855804275634,17->16->12->8->6->3->13->10->14->15->7->11->9->5->4->1->2,集合与逻辑->复数->立体几何初步->统计->函数概念与性质->三角函数->幂函数->指数函数->函数应用->计数原理->概率->对数函数->平面向量及其应用->空间向量与立体几何->数列->一元函数导数及其应用->平面解析几何
S0184,1.3087337420096103,27.39410719332387,-22.19410719332387,22.19410719432387,0.15898304485849574,17->16->8->15->7->6->4->1->3->9->12->5->2->11->13->10->14,集合与逻辑->复数->统计->计数原理->概率->函数概念与性质->数列->一元函数导数及其应用->三角函数->平面向量及其应用->立体几何初步->空间向量与立体几何->平面解析几何->对数函数->幂函数->指数函数->函数应用
S0185,1.4237466917916235,31.89340074362039,-26.69340074362039,26.69340074462039,0.18505357183933402,17->16->6->3->13->10->12->15->7->4->11->8->9->2->1->5->14,集合与逻辑->复数->函数概念与性质->三角函数->幂函数->指数函数->立体几何初步->计数原理->概率->数列->对数函数->统计->平面向量及其应用->平面解析几何->一元函数导数及其应用->空间向量与立体几何->函数应用
S0186,1.472695002495209,35.39764169109187,-30.99764169109187,30.99764169209187,0.17682582229695376,17->16->15->7->8->6->3->9->2->1->4->10->12->5->11->14->13,集合与逻辑->复数->计数原理->概率->统计->函数概念与性质->三角函数->平面向量及其应用->平面解析几何->一元函数导数及其应用->数列->指数函数->立体几何初步->空间向量与立体几何->对数函数->函数应用->幂函数
S0187,0.7843966236764707,26.96542645005109,-22.96542645005109,22.96542645105109,0.1938505930135399,17->16->12->15->7->6->3->9->14->2->1->4->5->8->11->13->10,集合与逻辑->复数->立体几何初步->计数原理->概率->函数概念与性质->三角函数->平面向量及其应用->函数应用->平面解析几何->一元函数导数及其应用->数列->空间向量与立体几何->统计->对数函数->幂函数->指数函数
S0188,1.3480940250803026,33.106270210903524,-28.306270210903524,28.306270211903524,0.17679586630944857,17->16->12->15->7->6->3->4->1->11->9->13->14->10->5->2->8,集合与逻辑->复数->立体几何初步->计数原理->概率->函数概念与性质->三角函数->数列->一元函数导数及其应用->对数函数->平面向量及其应用->幂函数->函数应用->指数函数->空间向量与立体几何->平面解析几何->统计
S0189,1.4847631829671155,36.137773352918366,-30.537773352918364,30.537773353918364,0.1997246285969037,17->16->12->8->6->3->1->10->13->14->15->7->9->2->5->4->11,集合与逻辑->复数->立体几何初步->统计->函数概念与性质->三角函数->一元函数导数及其应用->指数函数->幂函数->函数应用->计数原理->概率->平面向量及其应用->平面解析几何->空间向量与立体几何->数列->对数函数
S0190,1.302248567652377,32.01238004765473,-27.21238004765473,27.21238004865473,0.2031986605789608,17->16->6->3->4->11->9->10->12->5->2->1->14->13->15->7->8,集合与逻辑->复数->函数概念与性质->三角函数->数列->对数函数->平面向量及其应用->指数函数->立体几何初步->空间向量与立体几何->平面解析几何->一元函数导数及其应用->函数应用->幂函数->计数原理->概率->统计
S0191,0.9844304167627352,35.46901749680812,-30.66901749680812,30.66901749780812,0.2357791006032815,17->16->12->8->6->3->1->4->14->10->15->7->9->2->5->11->13,集合与逻辑->复数->立体几何初步->统计->函数概念与性质->三角函数->一元函数导数及其应用->数列->函数应用->指数函数->计数原理->概率->平面向量及其应用->平面解析几何->空间向量与立体几何->对数函数->幂函数
S0192,1.4286517854255498,28.674961770204927,-23.474961770204928,23.474961771204928,0.15676983864757416,17->16->12->8->6->13->14->11->15->7->3->9->5->2->1->4->10,集合与逻辑->复数->立体几何初步->统计->函数概念与性质->幂函数->函数应用->对数函数->计数原理->概率->三角函数->平面向量及其应用->空间向量与立体几何->平面解析几何->一元函数导数及其应用->数列->指数函数
S0193,0.9917765016811608,37.24246269066895,-32.84246269066895,32.84246269166895,0.24242043128645246,17->16->12->15->8->6->3->4->1->9->2->5->11->7->14->10->13,集合与逻辑->复数->立体几何初步->计数原理->统计->函数概念与性质->三角函数->数列->一元函数导数及其应用->平面向量及其应用->平面解析几何->空间向量与立体几何->对数函数->概率->函数应用->指数函数->幂函数
S0194,0.7964657501077885,25.64125922183918,-20.84125922183918,20.84125922283918,0.20044551552007556,17->16->12->8->6->4->1->3->9->5->2->11->10->14->15->7->13,集合与逻辑->复数->立体几何初步->统计->函数概念与性质->数列->一元函数导数及其应用->三角函数->平面向量及其应用->空间向量与立体几何->平面解析几何->对数函数->指数函数->函数应用->计数原理->概率->幂函数
S0195,1.0295433142316397,30.781937694258826,-25.581937694258826,25.581937695258826,0.21927989533270154,17->16->15->7->12->8->6->13->11->3->9->5->1->2->4->14->10,集合与逻辑->复数->计数原理->概率->立体几何初步->统计->函数概念与性质->幂函数->对数函数->三角函数->平面向量及其应用->空间向量与立体几何->一元函数导数及其应用->平面解析几何->数列->函数应用->指数函数
S0196,0.9858399805050472,33.1518092299447,-28.351809229944703,28.351809230944703,0.20711439242099355,17->16->12->8->6->3->13->9->14->11->5->10->15->7->4->1->2,集合与逻辑->复数->立体几何初步->统计->函数概念与性质->三角函数->幂函数->平面向量及其应用->函数应用->对数函数->空间向量与立体几何->指数函数->计数原理->概率->数列->一元函数导数及其应用->平面解析几何
S0197,0.7884550883032765,28.533624905259042,-24.13362490525904,24.13362490625904,0.2076328631822112,17->16->6->3->13->10->12->15->7->11->8->14->9->2->1->4->5,集合与逻辑->复数->函数概念与性质->三角函数->幂函数->指数函数->立体几何初步->计数原理->概率->对数函数->统计->函数应用->平面向量及其应用->平面解析几何->一元函数导数及其应用->数列->空间向量与立体几何
S0198,0.54256627054374,29.599538939328472,-24.79953893932847,24.79953894032847,0.27797359725224013,17->16->12->15->7->8->6->3->1->4->10->13->14->9->5->2->11,集合与逻辑->复数->立体几何初步->计数原理->概率->统计->函数概念与性质->三角函数->一元函数导数及其应用->数列->指数函数->幂函数->函数应用->平面向量及其应用->空间向量与立体几何->平面解析几何->对数函数
S0199,0.7952714651168661,30.162997634951637,-25.76299763495164,25.76299763595164,0.23993579386602587,17->16->8->6->3->10->13->12->15->7->11->14->9->5->2->1->4,集合与逻辑->复数->统计->函数概念与性质->三角函数->指数函数->幂函数->立体几何初步->计数原理->概率->对数函数->函数应用->平面向量及其应用->空间向量与立体几何->平面解析几何->一元函数导数及其应用->数列
S0200,1.551703261940961,32.82969483761164,-27.62969483761164,27.62969483861164,0.173478314274921,17->12->8->6->3->1->4->11->13->10->14->9->2->5->15->7->16,集合与逻辑->立体几何初步->统计->函数概念与性质->三角函数->一元函数导数及其应用->数列->对数函数->幂函数->指数函数->函数应用->平面向量及其应用->平面解析几何->空间向量与立体几何->计数原理->概率->复数
